,RMSE,ND
0,0.4678755218139963,0.22009851
1,0.5495176258530147,0.1144751459360122
2,0.5495176258530147,0.1144751533865928
3,0.2444664421539618,0.0901785120368003
4,0.4192467641967662,0.147394523024559
5,0.4192479186863024,0.1473963111639022
6,0.4192471822019655,0.14739520847797394
